sku,brand,name,status,ready,structure_fails,data_fails,listing_fails
IMS/MEC/00270,SKYMSEN,Disc Cube,published,yes,,,
IMS/MEC/00271,SKYMSEN,Disc Z8,published,yes,,,
IMS/MEC/00272,SKYMSEN,Disc Z5,published,yes,,,
IMS/MEC/00273,SKYMSEN,Disc W4,published,yes,,,
IMS/MEC/00274,SKYMSEN,Disc H3,published,yes,,,
IMS/MEC/02131,SKYMSEN,Disc -E3,published,yes,,,
IMS/MEC/02319,SKYMSEN,Slicer Disc - 14MM,published,yes,,,
IMG/FPR/00042,SKYMSEN,Vegetable Processor PA7,published,yes,,,
IMG/FPR/00130,SYSTEMATIC,Manual Vegetable Slicer Systematic JSCV-2200,published,no,not house format; bullets outside 4-6; meta missing or over 160; short description outside 18-38 words; under 3 informative spec rows,,
IMG/FPR/00131,SYSTEMATIC,Cheese Cuber Systematic JSCC-9,published,no,not house format; bullets outside 4-6; meta missing or over 160; short description outside 18-38 words; under 3 informative spec rows,,
IMG/FPR/00132,SYSTEMATIC,Vegetable Chopper and Dicer Systematic JSEC-08,draft,no,not house format; bullets outside 4-6; meta missing or over 160; short description outside 18-38 words; under 3 informative spec rows,,
IMG/FPR/00133,SYSTEMATIC,Lettuce Cutter Systematic JSVC2100,published,no,not house format; bullets outside 4-6; meta missing or over 160; short description outside 18-38 words; under 3 informative spec rows,,
IMG/FPR/00177,ASTAR,Vegetable Processor S-QC205,published,yes,,,
IMG/FPR/00212,HENAN,Root Vegetable Cutting Machine,published,yes,,,
IMG/FPR/00234,EMPERO,Salad and Vegetable Dryer 40 Lt 220V SY.40-09,published,yes,,,
IMG/FPR/00239,KITCHENWARE,Commercial Vegetable Food Processor QC205A,published,no,,sources disagree,
IMG/FPR/00250,ROBOT COUPE,Assorted Blade 3PACK R301UD,archived,no,not house format; under 2 paragraphs; bullets outside 4-6; meta missing or over 160; short description outside 18-38 words; under 3 informative spec rows,sources disagree,
IMG/FPR/00018,ROBOT COUPE,Combination Processor R301,published,yes,,,
IMG/FPR/00183,ASTAR,Cutter Mixer - ASKL-650,draft,no,under 2 paragraphs; bullets outside 4-6; under 3 informative spec rows,,no image
IMG/FPR/00110,KAYALAR,Potato Chipper Table Top Kayalar,published,no,bullets outside 4-6; short description outside 18-38 words; under 3 informative spec rows,sources disagree,
IMS/MEC/00309,SKYMSEN,Male Blade for Chipper 10MM,archived,yes,,,
IMS/MEC/00312,SKYMSEN,Female Blade for Chipper 10MM,archived,yes,,,
IMG/FPR/00127,SYSTEMATIC,Potato Chipper on Stand Systematic JSPCC-08,published,no,not house format; under 2 paragraphs; bullets outside 4-6; meta missing or over 160; short description outside 18-38 words; under 3 informative spec rows,,
IMG/FPR/00050,SKYMSEN,Potato Smasher on Stand,draft,yes,,,
FAB/FPR/00241,SHEFFIELD,Potato Peeler 50 Kg Sheffield,published,no,,our records only,
FAB/FPR/00315,SHEFFIELD,Potato Peeler 25 Kg Sheffield,published,no,,our records only,
FAB/FPR/00372,SHEFFIELD,Potato Peeler 15 Kg Sheffield,published,no,,our records only,
FAB/FPR/00435,SHEFFIELD,Potato Peeler 10 Kg Sheffield,published,no,,our records only,
FAB/FPR/00458,SHEFFIELD,Potato Peeler 30 Kg Sheffield,published,no,,our records only,
IMG/FPR/00008,EMPERO,Potato Peeler 20 Kg Empero,published,yes,,,
IMG/FPR/00048,SKYMSEN,Potato Peeler 25KG Skymsen,published,yes,,,
IMG/FPR/00105,SAMMIC,Potato Peeler 20KG P120 Sammic,archived,yes,,,
IMG/FPR/00246,SKYMSEN,"Potato Peeler with Door, Stainless Steel 10KG",published,yes,,,
IMG/FPR/00046,HK-REDLINE,Meat Slicer Ø 300MM,published,no,,sources disagree; named in open issues,
IMG/FPR/00179,HK-REDLINE,Meat Slicer Ø 250MM,published,yes,,,
IMG/FPR/00164,ASTAR,Meat Grinder 22 Model TK -22,published,no,,sources disagree,
IMG/FPR/00178,ASTAR,Meat Grinder 42 Model TC-42,published,yes,,,
IMG/FPR/00181,ASTAR,Meatball Making Machine,published,no,,sources disagree,
IMG/FPR/00215,SKYMSEN,Meat Slicer 300,published,yes,,,
IMG/FPR/00251,HK-REDLINE,Meat Mincer TC-22,published,yes,,,
IMG/FPR/00252,HK-REDLINE,Meat Mincer JT32,published,yes,,,
IMG/FPR/00253,HK-REDLINE,Bone Sawer JG210,published,no,,sources disagree,
IMG/FPR/00254,HK-REDLINE,Bone Sawer JG310,published,no,,sources disagree,
IMG/FPR/00255,HK-REDLINE,Bone Sawer HLS-2400,published,no,short description outside 18-38 words; under 3 informative spec rows,,
IMG/FPR/00906,SHEFFIELD,Bone Saw Blade 1650MM,archived,no,not house format; under 2 paragraphs; bullets outside 4-6; meta missing or over 160; short description outside 18-38 words; under 3 informative spec rows,no supplier data,no image
IMG/FPR/00051,SKYMSEN,Bone Saw Free Standing SI-282HD,published,yes,,,
IMG/FPR/00184,ASTAR,Manual Hamburger Press 130,published,yes,,,
IMG/FPR/00180,ASTAR,Electric Sausage Stuffer,published,no,,sources disagree,
IMG/HOT/00196,ASTAR,Tumble Marinator,published,no,under 3 informative spec rows,,
IMG/FPR/00231,OEM SHEFFIELD,Vacuum Packing Machine DZ300,published,no,,sources disagree; named in open issues,
IMG/FPR/00232,OEM SHEFFIELD,Vacuum Packing Machine DZ400,published,no,,sources disagree; named in open issues,
IMG/FPR/00012,HK-REDLINE,Chopping Board Blue,published,yes,,,
IMG/FPR/00014,HK-REDLINE,Chopping Board White,published,yes,,,
IMG/FPR/00015,HK-REDLINE,Chopping Board Yellow,published,yes,,,
IMG/FPR/00080,SHEFFIELD,Chopping Board Green,published,no,not house format; under 2 paragraphs; bullets outside 4-6; meta missing or over 160; short description outside 18-38 words; under 3 informative spec rows,our records only,
IMG/FPR/00277,H-KITCHEN,Chopping Block 600X600X100,published,no,bullets outside 4-6; short description outside 18-38 words; under 3 informative spec rows,,
IMG/FPR/00081,HK-REDLINE,Chopping Board Red,published,yes,,,
FAB/DIS/00007,SHEFFIELD,Meat Display Counter 1500,published,no,,our records only,
FAB/DIS/00010,SHEFFIELD,Meat Display Counter 2000,published,no,,our records only,
IMG/FPR/00022,SANTOS,Blender Bar 1.25 Litres Santos 33E,published,yes,,,
IMG/FPR/00023,SANTOS,Blender Kitchen 2+4 Litres Santos 37A,published,yes,,,
IMG/FPR/00034,SKYMSEN,Blender Kitchen SS,published,yes,,,
IMG/FPR/00038,SKYMSEN,Blender Kitchen 25 Litres SS,published,no,,sources disagree; named in open issues,
IMG/FPR/00093,SHEFFIELD,Brushless Commercial Blender,published,no,not house format; under 2 paragraphs; bullets outside 4-6; bullet over 14 words; meta missing or over 160; short description outside 18-38 words; under 3 informative spec rows,our records only,
IMS/MEC/01890,NINGBO,Complete Jug Set for Brushless Blender,archived,no,not house format; under 2 paragraphs; bullets outside 4-6; meta missing or over 160; short description outside 18-38 words; under 3 informative spec rows,no supplier data,no image
IMG/FPR/00169,SKYMSEN,Blender Bar 2 Litres Skymsen,published,yes,,,
IMG/FPR/00217,H-KITCHEN,Hand Immersion Blender 350W H-Kitchen,published,yes,,,
IMG/FPR/00218,HK-REDLINE,Hand Immersion Blender 500W H-Kitchen,published,yes,,,
IMG/FPR/00219,,Immersion Blender Tube 250 Mm,draft,no,not house format; under 2 paragraphs; bullets outside 4-6; meta missing or over 160; short description outside 18-38 words; under 3 informative spec rows,no supplier data,no image
IMG/FPR/00220,H-KITCHEN,Immersion Blender Tube 300 Mm,published,yes,,,
IMG/FPR/00221,H-KITCHEN,Immersion Blender Tube 400 Mm,published,yes,,,
IMG/FPR/00222,HK-REDLINE,Whisk Attachment for Immersion Blender 250MM,archived,no,short description outside 18-38 words,,no price
IMG/FPR/00227,ROBOT COUPE,Immersion Blender CMP 400 VV,published,yes,,,
IMG/FPR/00228,ROBOT COUPE,Immersion Blender CMP 300 VV,published,no,,sources disagree,
IMG/FPR/00274,H-KITCHEN,Kitchen Blender with Soundproof Cover,published,no,bullets outside 4-6; short description outside 18-38 words; under 3 informative spec rows,,
IMG/BUF/00043,OEM SHEFFIELD,Juice Dispenser Clear Jug,published,no,short description outside 18-38 words; under 3 informative spec rows,,
IMG/BUF/00092,KITCHENWARE,Juice Dispenser 1 Bowl - Capacity: 10 Litres,published,yes,,,
IMG/BUF/00129,HK-REDLINE,Juice Dispenser 3 Tank LSP-18X3,published,yes,,,
IMG/BUF/00130,HK-REDLINE,Juice Dispenser 2 Tank LSP-18X2,published,yes,,,
IMG/BUF/00131,SANTOS,Juice Dispenser 1 Tank 34-1A Santos,published,yes,,,
IMG/BUF/00151,SANTOS,Juice Dispenser 2 Tank 34-2A Santos,draft,no,,,no price
IMG/BUF/00152,SANTOS,Juice Dispenser 3 Tank 34-3A Santos,draft,no,,,no price
IMG/FPR/00021,SANTOS,Citrus Juicer Santos 10A,published,yes,,,
IMG/FPR/00027,SANTOS,Juice Extractor Centrifugal Santos 68,published,yes,,,
IMG/FPR/00032,SANTOS,Citrus Juicer Santos 70A,published,yes,,,
IMG/FPR/00040,SKYMSEN,Juice Extractor Centrifugal Skymsen CSE,published,yes,,,
IMG/FPR/00079,ZUMMO,Orange Juicer Z06A-N,published,yes,,,
IMG/FPR/00123,CANCAN,Automatic Orange Juicer Cancan 38,published,yes,,,
IMG/FPR/00140,SYSTEMATIC,Automatic Orange Juicer Systematic JSJC-12,published,yes,,,
IMG/FPR/00174,SANTOS,Juice Extractor Santos 50A,published,yes,,,
IMG/FPR/00214,SKYMSEN,Juice Extractor ESB Super N,published,yes,,,
IMG/FPR/00229,SANTOS,Cold Press Juicer Nutrisantos 65,published,yes,,,
IMG/FPR/00230,SANTOS,Classic Citrus Juicer 11,published,yes,,,
IMG/FPR/00257,HK-REDLINE,Juice Extractor WF-B3000,published,yes,,,
IMG/FPR/00139,SYSTEMATIC,Sugarcane Juicing Machine Systematic,published,no,not house format; under 2 paragraphs; meta missing or over 160; short description outside 18-38 words; under 3 informative spec rows,,
IMG/ICE/00019,SKYMSEN,Milk Shake Mixer Single Skymsen,published,yes,,,
IMG/ICE/00020,SKYMSEN,Milk Shake Mixer Triple Skymsen,published,yes,,,
IMG/ICE/00021,WARING,Milk Shake Mixer Single Waring,published,yes,,,
IMG/ICE/00040,HK-REDLINE,Milk Shaker Double BL-018,published,yes,,,
IMG/REF/00032,BLUELINE,Upright Glass Door Chiller Single 7008 Blueline,published,yes,,,
IMG/REF/00034,BLUELINE,Counter Chiller 9007 Blueline,published,yes,,,
IMG/REF/00036,BLUELINE,Counter Chiller 1407 Blueline,published,yes,,,
IMG/REF/00037,BLUELINE,Counter Chiller 1807 Blueline,published,yes,,,
IMG/REF/00041,BLUELINE,Barline Chiller 2207 Blueline,published,yes,,,
IMG/REF/00042,BLUELINE,Upright Solid Door Dual Chiller Freezer 2 Door Blueline,published,yes,,,
IMG/REF/00043,BLUELINE,Drawer Counter Chiller 6 Drawers 1800 Blueline,published,yes,,,
IMG/REF/00044,BLUELINE,Upright Solid Door Chiller 1 Door Blueline,published,yes,,,
IMG/REF/00049,TECNODOM,Upright Glass Door Chiller Single 8007 DGD,published,yes,,,
IMG/REF/00057,TECNODOM,Blast Chiller 5 Trays DGD,published,yes,,,
IMG/REF/00060,TECNODOM,Upright Solid Door Chiller 2 Door DGD AF14PKMTN,published,yes,,,
IMG/REF/00062,TECNODOM,Upright Solid Door Chiller 1 Door DGD AF07PKMTN,published,yes,,,
IMG/REF/00095,BLUELINE,Upright Solid Door Chiller 2 Door Blueline GN1410TN,published,yes,,,
IMG/REF/00097,BLUELINE,Upright Glass Door Chiller Double 1408 Blueline GN1410TNG,published,yes,,,
IMG/REF/00099,BLUELINE,Drawer Counter Chiller 8 Drawers 2200 Blueline,published,yes,,,
IMG/REF/00102,BLUELINE,Counter Chiller 2207 Blueline GN4100TN,published,yes,,,
IMG/REF/00105,BLUELINE,Barline Chiller 1207 Blueline GN2100TNG-1200,published,yes,,,
IMG/REF/00106,BLUELINE,Barline Chiller 1507 Blueline GN2100TNG-1500,published,yes,,,
IMG/REF/00107,BLUELINE,Barline Chiller 1807 Blueline GN3100TNG,published,yes,,,
IMG/REF/00126,BLUELINE,3 Door Counter Chiller 1800X600X860 SNACK3100TN-1800,published,yes,,,
IMG/REF/00136,ICEMAKE,Bulk Milk Chiller 500 Litres BMC-500,published,yes,,,
IMG/REF/00144,BLUELINE,Barline Chiller 1207 Blueline,published,no,,sources disagree,
IMG/REF/00155,BLUELINE,Barline Chiller 2206 Blueline,published,yes,,,
IMG/REF/00156,BLUELINE,Solid Door Chiller 1 Door Under Counter DR200 S/S,published,yes,,,
IMG/REF/00157,BLUELINE,Upright Solid 1 Door Chiller 600 Sries DR400 S/S,published,yes,,,
IMG/REF/00160,BLUELINE,Barline Chiller 1406 Blueline,published,yes,,,
IMG/REF/00161,BLUELINE,Barline Chiller 1806 Blueline,published,yes,,,
IMG/REF/00166,BLUELINE,Counter Chiller with 4 Drawers,published,yes,,,
IMG/REF/00167,BLUELINE,Counter Chiller with 4 Drawers & 1 Door,published,yes,,,
IMG/REF/00168,BLUELINE,3 Door Saladette Counter 1340 Blueline,published,yes,,,
IMG/REF/00177,SV-BLUELINE,Counter Chiller (Engineering Version) 1200*700,published,yes,,,
IMG/REF/00178,SV-BLUELINE,Counter Chiller (Engineering Version) 1500*700,published,yes,,,
IMG/REF/00182,BLUELINE,Refrigerated Counter Chiller 2 Doors & 4 Drawers (2230*700),published,yes,,,
IMG/REF/00184,SV-BLUELINE,Upright Single Solid Door Chiller CFR-20N1F(HB),published,yes,,,
IMG/REF/00186,SV-BLUELINE,Upright Double Solid Door Chiller CFR-40N2F(HB),published,yes,,,
IMG/REF/00193,TECNODOM,Blast Chiller for 10 Trays GN1/1 or 60X40-ABBATT,published,yes,,,
IMG/REF/00194,BLUELINE,2 Door Counter Chiller 1200X600X860 SNACK2100TN-1200,published,yes,,,
IMG/REF/00195,BLUELINE,2 Door Counter Chiller 1500X600X860 SNACK2100TN-1500,published,yes,,,
IMG/REF/00196,BLUELINE,4 Door Counter Chiller 2230X600X860 SNACK4100TN,published,yes,,,
IMG/REF/00215,BLUELINE,Counter Chiller 9006 Blueline,published,yes,,,
IMG/REF/00220,BLUELINE,Barline Chiller 1506 Blueline SNACK2100TNG-1500,published,yes,,,
IMG/REF/00231,SV-BLUELINE,Counter Chiller (Engineering Version) 1800*700,draft,no,,,no price
IMG/REF/00031,BLUELINE,Upright Solid Door Freezer 2 Semi Doors Blueline,published,yes,,,
IMG/REF/00033,BLUELINE,Upright Glass Door Freezer Single 7008 Meileda,published,yes,,,
IMG/REF/00035,BLUELINE,Counter Freezer 9007 Blueline,published,yes,,,
IMG/REF/00038,BLUELINE,Salad Counter 3 Door 1800 Blueline,published,yes,,,
IMG/REF/00039,BLUELINE,Salad Counter 3 Door 2000 Blueline,published,yes,,,
IMG/REF/00040,BLUELINE,2 Door Saladette Counter 1045 Blueline,published,yes,,,
IMG/REF/00045,BLUELINE,Upright Solid Door Freezer 1 Door Blueline,published,yes,,,
IMG/REF/00096,BLUELINE,Upright Solid Door Freezer 2 Door Blueline GN1410BT,published,yes,,,
IMG/REF/00098,BLUELINE,Upright Glass Door Freezer Double 1408 Blueline GN1410BTG,published,yes,,,
IMG/REF/00103,BLUELINE,Counter Freezer 1207 Blueline GN2100BT-1200,published,no,,sources disagree,
IMG/REF/00104,BLUELINE,Counter Freezer 1507 Blueline GN2100BT-1500,published,yes,,,
IMG/REF/00127,BLUELINE,Counter Freezer SNACK2100BT 600 Series,published,yes,,,
IMG/REF/00128,BLUELINE,Counter Freezer SNACK3100BT 600 Series,published,yes,,,
IMG/REF/00158,BLUELINE,Solid Door Freezer 1 Door Under Counter DF200 S/S,published,yes,,,
IMG/REF/00159,BLUELINE,Upright Solid 1 Door Freezer 600 Sries DF400 S/S,published,no,,sources disagree,
IMG/REF/00217,BLUELINE,2 Door Counter Freezer 1500X600X860 SNACK2100BT-1500,draft,no,,,no price
IMG/REF/00218,BLUELINE,2 Door Counter Freezer 1200X600X860 SNACK2100BT-1200,draft,no,,,no price
IMG/REF/00219,BLUELINE,Counter Freezer 9006 SNACK1100BT,draft,no,,sources disagree,no price
IMG/DIS/00069,BLUELINE,Refrigerated Pizza Display VRX1500/380 FG,published,no,,sources disagree,
IMG/DIS/00131,SV-BLUELINE,Widened Island Freezer with Thickened Foam Layer,published,yes,,,
IMG/DIS/00137,BLUELINE,Refrigerated Pizza Display VRX1800/380 FG,published,no,,sources disagree,
IMG/REF/00179,SV-BLUELINE,Counter Chiller (Engineering Version) 1800*600,published,yes,,,
IMG/REF/00183,SV-BLUELINE,Upright Single Solid Door Freezer CFD-20N1(HB),published,yes,,,
IMG/REF/00185,SV-BLUELINE,Upright Double Solid Door Freezer CFD-40N2F(HB),published,yes,,,
IMG/REF/00197,SV-BLUELINE,Single Temperature Double Top Freezer BD/BC-388,published,yes,,,
IMG/REF/00198,SV-BLUELINE,Arched Glass Door Freezer SD/SC-158Y,published,no,,sources disagree,
IMG/REF/00200,SV-BLUELINE,Island Freezer SD/SC-518,published,yes,,,
IMG/REF/00201,SV-BLUELINE,Counter Freezer (Air Cooled Freezing) PLD-15N2F(HB),published,no,under 3 informative spec rows,,
IMG/REF/00202,SV-BLUELINE,Upright Triple Solid Door Freezer (CFD-60D3F-K),published,yes,,,
IMG/REF/00204,SV-BLUELINE,Order Dish Multifunctional Cabinet (LMD-1894QK),published,yes,,,
IMG/REF/00205,SV-BLUELINE,Order Dish Convenience Store Cabinet LCD-639,published,yes,,,
IMG/REF/00232,SV-BLUELINE,Counter Freezer (Air Cooled Freezing) 1500*700,draft,no,,,no price
IMG/REF/00061,TECNODOM,Upright Solid Door Freezer 1 Door DGD AF07PKMBT,draft,yes,,,
IMG/REF/00063,TECNODOM,Upright Solid Door Freezer 2 Door DGD AF14PKMBT,published,yes,,,
IMG/REF/00211,TECNODOM,Freezer Counter 2 Doors GN 1/1 Mid Line,draft,yes,,,
IMG/REF/00212,TECNODOM,Freezer Counter 3 Doors GN 1/1 Mid Line,draft,yes,,,
IMG/DIS/00022,HK-REDLINE,Back Bar Cooler Single Door H Kitchen,published,yes,,,
IMG/DIS/00023,HK-REDLINE,Back Bar Cooler Double Door SS H Kitchen,published,yes,,,
IMG/DIS/00024,HK-REDLINE,Back Bar Cooler Triple Door H Kitchen,published,yes,,,
IMG/DIS/00112,HK-REDLINE,Back Bar Cooler Double Door Black H Kitchen,published,yes,,,
IMG/DIS/00042,TEFCOLD,Bottle Cooler Table Top Tefcold BC 60,published,yes,,,
IMG/DIS/00060,TEFCOLD,Bottle Cooler Table Top Tefcold BC 85-1,published,yes,,,
IMG/DIS/00093,TECNODOM,Multi Deck Display Cooler V6060SL DGD,published,yes,,,
IMG/DIS/00095,TECNODOM,Multi Deck Display Cooler VB80250SL DGD,published,yes,,,
IMG/DIS/00096,TECNODOM,Multi Deck Display Cooler V60187SL DGD,published,yes,,,
IMG/DIS/00100,TECNODOM,Multi Deck Display Cooler VS60150SLINOX DGD,published,yes,,,
IMG/DIS/00106,TECNODOM,Multi Deck Display Cooler V6080SLINOX DGD,published,yes,,,
IMG/DIS/00120,BLUELINE,Wine Cooler Upright EWB470G,published,yes,,,
IMG/DIS/00142,H-KITCHEN,Wine Cooler Under Counter YC-53,published,yes,,,
IMG/DIS/00143,H-KITCHEN,Beverage Cooler TYC-120-2D,published,yes,,,
IMG/DIS/00146,HK-REDLINE,Back Bar Cooler Single Door Black H Kitchen,draft,yes,,,
IMG/REF/00203,SV-BLUELINE,Vertical Display Cabinet Triple Door Chiller(Alu Frame) LC-1500(T),published,no,under 3 informative spec rows,no supplier data,
IMG/DIS/00132,SV-BLUELINE,Vertical Display Cabinet Single Door Chiller (Aluminum Frame),published,yes,,,
IMG/DIS/00133,SV-BLUELINE,Vertical Display Cabinet Double Door Chiller (Aluminum Frame),published,yes,,,
IMG/DIS/00001,BERJAYA,Pastry Display Four Glass Berjaya,published,yes,,,
IMG/DIS/00037,TECNODOM,Pastry Display Square 1500 Evok,published,yes,,,
IMG/DIS/00019,HK-REDLINE,Pastry Display Square 1500 FGDG 1500LS-3,published,yes,,,
IMG/DIS/00021,HK-REDLINE,Pastry Display Square 1500 FGDG 1500LSD-3,published,yes,,,
IMG/DIS/00020,HK-REDLINE,Pastry Display Square 1800,published,no,,sources disagree,
IMG/DIS/00059,TUNGSTEN,Pastry Display Table Top 160L XCW-160L,published,yes,,,
IMG/DIS/00090,ASTAR,Pastry Showcase Square 1200 FG-1200LS,published,yes,,,
IMG/DIS/00126,SV-BLUELINE,Cake Cabinet Square 900FZ,published,yes,,,
IMG/DIS/00127,SV-BLUELINE,Cake Cabinet Square 1200FZ,published,yes,,,
IMG/DIS/00128,SV-BLUELINE,Cake Cabinet Square 1500FZ,published,yes,,,
IMG/DIS/00129,SV-BLUELINE,Cake Cabinet Curved DG-TY700,published,yes,,,
IMG/DIS/00130,SV-BLUELINE,Cake Cabinet Square DG-TZ700,published,yes,,,
IMG/DIS/00145,OUCBOLL,Ice Cream Display LK-1.2DD,published,no,,our records only,
IMG/DIS/00144,OUCBOLL,Ice Cream Display LK-1.6BY,published,no,,our records only,
IMG/DIS/00062,INFRICO,Ice Static Display Case Infrico VBZ12,published,yes,,,
IMG/DIS/00103,HK-REDLINE,Warm Display Table Top R60-2,published,yes,,,
IMG/DIS/00138,HDS,Heated Display Counter Top 700MM HDS,published,yes,,,
IMG/DIS/00139,HDS,Heated Display Counter Top 900MM HDS,published,yes,,,
IMG/OVE/00223,HDS,Convection Oven HDSECO-4A,published,yes,,,
IMG/OVE/00224,HDS,Convection Oven HDSECO-8A,published,yes,,,
IMG/OVE/00169,HK-REDLINE,Deck Oven Electric Double HTD-40,published,yes,,,
IMG/OVE/00205,HK-REDLINE,Deck Oven Electric Single HTD-20,published,yes,,,
IMG/OVE/00229,HK-REDLINE,Elec. Convection Oven YXD-1AE,published,no,,sources disagree,
IMG/OVE/00230,HK-REDLINE,Elec. Convection Oven YXD-8A-3,published,no,,sources disagree,
IMG/OVE/00168,HK-REDLINE,Luxurious Electric Deck Oven NFD-20F,published,yes,,,
IMG/OVE/00076,TECNODOM,Oven Convection Electric 3 Trays Tecnodom FEM03NE02V,published,yes,,,
IMG/OVE/00078,TECNODOM,Oven Convection Electric 4 Trays 435X350 FEMG04NE595V,published,yes,,,
IMG/OVE/00128,TECNODOM,Oven Convection Electric 4 Trays 600X400 FEM04NEPSV,published,yes,,,
IMG/OVE/00215,SKYMSEN,Oven Convection Turbo Electrical 4 Tray Maxiconv,published,yes,,,
IMG/OVE/00018,PRISMA FOOD,Pizza Oven Electric Double Deck - Prisma Food,published,yes,,,
IMG/OVE/00017,PRISMA FOOD,Pizza Oven Electric Single Deck - Prisma Food,published,yes,,,
IMG/OVE/00199,DIQIAN,Pizza Oven Electric Single Deck CG-P340A,published,yes,,,
IMG/OVE/00200,DIQIAN,Pizza Oven Gas Single Deck CG-P330,published,yes,,,
IMG/PAS/00011,HK-REDLINE,Proofer Electric 14 Trays FX-14,published,yes,,,
FAB/PSB/00061,SHEFFIELD,Oven Stand OS85075S 201 Grade Height 670,archived,no,not house format; under 2 paragraphs; bullets outside 4-6; meta missing or over 160; short description outside 18-38 words; under 3 informative spec rows,no supplier data,no price
IMG/OVE/00130,SHEFFIELD,Baking Trays,archived,no,not house format; under 2 paragraphs; bullets outside 4-6; meta missing or over 160; short description outside 18-38 words; under 3 informative spec rows,no supplier data,no price
IMG/OVE/00234,HK-REDLINE,"4"" Hamburger PAN-15",published,no,under 3 informative spec rows,sources disagree,
IMG/OVE/00235,HK-REDLINE,"4"" Non-Stick Hamburger PAN-15",published,no,under 3 informative spec rows,,
IMG/OVE/00020,PRISMA FOOD,Conveyor Pizza Oven Electric C/50,published,yes,,,
IMG/OVE/00217,H-KITCHEN,Conveyor Pizza Oven-Digital,published,yes,,,
IMG/OVE/00009,HK-REDLINE,Deck Oven Electric Triple HTD-90,published,yes,,,
IMG/OVE/00206,HK-REDLINE,Deck Oven Gas Single 1 Tray HTR-10C,published,no,,sources disagree,
IMG/OVE/00088,HK-REDLINE,Double Deck Gas Oven HTR-40Q,published,yes,,,
IMG/OVE/00213,G PANIZ,Gas Convection Oven FTG 480,published,no,not house format; under 2 paragraphs; bullets outside 4-6; meta missing or over 160; short description outside 18-38 words; under 3 informative spec rows,,
IMG/OVE/00087,HK-REDLINE,Gas Deck Oven Single HTR-20Q,published,no,under 3 informative spec rows,sources disagree,
IMG/OVE/00079,TECNODOM,Oven Convection Electric 6 Trays Tecnodom FEM06NEMIDVH2O,published,yes,,,
IMG/OVE/00107,BLODGETT,Oven Convection Electric Blodgett CTB SGL,published,yes,,,
IMG/OVE/00219,EMPERO,Gas Stone Base Pizza Oven EMP.SPO.H-70-W,published,yes,,,
IMG/OVE/00201,HDS,Oven Convection Gas HDS GCO,published,no,,sources disagree,
IMG/OVE/00214,SKYMSEN,Oven Convection Turbo Electrical 10 Trays Discovery 10,published,yes,,,
IMG/OVE/00019,PRISMA FOOD,Pizza Oven Single Gas Deck - Prisma Food,published,yes,,,
IMG/OVE/00089,TECNODOM,Oven Convection 10 Tray Tecnodom FEDL10NEMIDVH2O,published,yes,,,
IMG/PAS/00012,PRISMA FOOD,Dough Mixer Spiral,published,yes,,,
IMG/PAS/00003,EMPERO,Dough Mixer Spiral 50 Litres Empero,published,yes,,,
IMG/PAS/00007,EMPERO,Dough Mixer Spiral 60 Litres Empero,published,yes,,,
IMG/PAS/00155,HK-REDLINE,Spiral Mixer 80 LITRES/25KG BM-25,published,yes,,,
IMG/PAS/00157,HK-REDLINE,Spiral Mixer 130 LITRES/50KG BM-50,published,yes,,,
IMG/PAS/00156,HK-REDLINE,Spiral Mixer 200 LITRES/75KG BM-75,published,yes,,,
IMG/PAS/00169,HK-REDLINE,Spiral Mixer 250 LITRES/100KG BM-100,published,yes,,,
IMG/PAS/00102,HK-REDLINE,Cake Mixer Planetary 7 Litres H-Kitchen,published,yes,,,
IMG/PAS/00103,HK-REDLINE,Cake Mixer Planetary 10 Litres B10GFA,published,yes,,,
IMG/PAS/00001,BERJAYA,Cake Mixer Planetary 20 Litres Berjaya,published,yes,,,
IMG/PAS/00101,HK-REDLINE,Cake Mixer Planetary 20 Litres H-Kitchen,published,yes,,,
IMG/PAS/00145,HK-REDLINE,Cake Mixer Planetary 30 Litres H-Kitchen,published,no,,sources disagree,
IMG/PAS/00160,HK-REDLINE,TABLE TOP DOUGH SHEETER ROLLER SIZE 522xDIA 88,published,yes,,,
IMG/PAS/00164,HK-REDLINE,Dough Divider,published,yes,,,
IMG/PAS/00002,EMPERO,Bread Slicer Empero,published,yes,,,
IMG/PAS/00166,HK-REDLINE,Bread Moulder,published,no,,sources disagree,
IMG/PAS/00159,H-KITCHEN,Semi Automatic Dividing and Rounding Machine,published,no,,sources disagree; named in open issues,
IMG/BUF/00219,OEM SHEFFIELD,Chaffing Dish 9L Oblong Roll Top Chafer,published,no,bullets outside 4-6; short description outside 18-38 words; under 3 informative spec rows,sources disagree,
IMG/BUF/00220,OEM SHEFFIELD,Chaffing Dish 9L Oblong Roll Top Chafer with Visible Window,published,no,bullets outside 4-6; short description outside 18-38 words; under 3 informative spec rows,sources disagree,
IMG/BUF/00241,STEELOLOGY,Digital SS Rectangular Chaffing Dish 9 Ltrs,published,yes,,,
IMG/BUF/00019,HK-REDLINE,Chafing Dish Drop in Oblong H Kitchen,published,no,,sources disagree,
IMG/BUF/00020,HK-REDLINE,Chafing Dish Drop in Oblong H Kitchen DAT 60,published,yes,,,
IMG/BUF/00021,HK-REDLINE,Chafing Dish Oblong H Kitchen YFL02-1,published,yes,,,
IMG/BUF/00027,HK-REDLINE,Chafing Dish Induction Round AT50293 H Kitchen,published,no,under 3 informative spec rows,sources disagree,
IMG/BUF/00028,HK-REDLINE,Chafing Dish Induction Square H-Kitchen,archived,no,bullets outside 4-6; short description outside 18-38 words; under 3 informative spec rows,sources disagree; template skeleton,
IMG/BUF/00035,OEM SHEFFIELD,Chafing Dish Rectangular,published,no,short description outside 18-38 words; under 3 informative spec rows,,
IMG/BUF/00037,OEM SHEFFIELD,Chafing Dish Drop in,published,no,bullets outside 4-6; short description outside 18-38 words; under 3 informative spec rows,sources disagree,
IMG/BUF/00056,OEM SHEFFIELD,Chafing Dish Oblong HY 501-2,draft,no,bullets outside 4-6; short description outside 18-38 words; under 3 informative spec rows,,
IMG/BUF/00060,OEM SHEFFIELD,Chafing Dish Insert Round Porcelain Pan/Insert,published,no,bullets outside 4-6; short description outside 18-38 words; under 3 informative spec rows,,
IMG/BUF/00095,KITCHENWARE,Chafing Dish Roll Top 9 Litres RA2302,published,no,bullets outside 4-6; short description outside 18-38 words; under 3 informative spec rows,,
IMG/BUF/00115,HK-REDLINE,Chafing Dish Insert Porcelain 2/3 GN,published,yes,,,
IMG/BUF/00143,HK-REDLINE,Chafing Dish Induction Square AT60293 H-Kitchen,published,no,under 3 informative spec rows,sources disagree,
IMG/BUF/00145,HY,Chafing Dish Drop in HY-902,archived,no,not house format; under 2 paragraphs; bullets outside 4-6; meta missing or over 160; short description outside 18-38 words; under 3 informative spec rows,no supplier data,no price
IMG/BUF/00146,HY,Chafing Dish Oval HY-836,archived,no,not house format; under 2 paragraphs; bullets outside 4-6; meta missing or over 160; short description outside 18-38 words; under 3 informative spec rows,no supplier data,no price
IMG/BUF/00177,KITCHENWARE,Chafing Dish Roll Top 9 Litres RA2301,published,no,bullets outside 4-6; short description outside 18-38 words; under 3 informative spec rows,sources disagree,
IMG/BUF/00178,KITCHENWARE,Chafing Dish Roll Top 9 Litres Electric RA2301AE,published,yes,,,
IMG/BUF/00179,KITCHENWARE,Chafing Dish Roll Top Electric ECD09C,published,yes,,,
IMG/BUF/00252,WINNERS,Electric Chafing Dish Golden Frame,published,yes,,,
IMG/BUF/00253,WINNERS,Electric Chafing Dish Golden Frame Square 9L,published,yes,,,
IMG/BUF/00254,WINNERS,Electric Chafing Dish Hammer Point,published,yes,,,
IMG/BUF/00255,WINNERS,Electric Chafing Dish Hammered SS Finish 6 Litres Round,published,yes,,,
IMG/BUF/00256,WINNERS,Chafing Dish with Fuel Holder 6016H,published,yes,,,
IMG/BUF/00257,WINNERS,Chafing Dish with Fuel Holder 6018H,published,yes,,,
IMG/BUF/00258,WINNERS,Wet and Dry Intelligent Built-In Elec Chafing Dish,published,yes,,,
IMG/BUF/00267,WINNERS,45-BUILT-IN Warmer Stove 1200MM,published,yes,,,
IMG/BUF/00268,WINNERS,45-BUILT-IN Warmer Stove 1500MM,published,yes,,,
IMG/BUF/00266,WINNERS,45-BUILT-IN Warmer Stove 900MM,published,yes,,,
IMG/BUF/00249,H-KITCHEN,Buffet Warmer Electric TC-2F,published,yes,,,
IMG/BUF/00073,NISBET,Cup Warmer Bravilor Shelf,published,yes,,,
IMG/BUF/00022,HK-REDLINE,Cup Warmer H Kitchen,published,no,under 3 informative spec rows,no supplier data,
IMG/BUF/00235,STEELOLOGY,Dish Warmer Glass Top - Sunk in Model (Commercial Induction Cooker),published,yes,,,
IMG/HOT/00195,HK-REDLINE,Electric Food Warmer Cart OT-10B-21 Redline,published,yes,,,
IMG/DIS/00045,HK-REDLINE,Food Display Warmer H Kitchen OT-01P,published,no,under 3 informative spec rows,,
IMG/HOT/00005,BERTOS,Food Warmer Electric Bertos,archived,no,not house format; under 2 paragraphs; bullets outside 4-6; meta missing or over 160; short description outside 18-38 words; under 3 informative spec rows,"data on file, not yet listed",
IMG/HOT/00222,HK-REDLINE,Food Warmer Electric Redline CS-310,published,no,bullets outside 4-6; short description outside 18-38 words; under 3 informative spec rows,,
IMG/BUF/00260,WINNERS,Hot Pot with Warmer Stove 36CM Rose Gold 6L,published,yes,,,
IMG/BUF/00261,WINNERS,Hot Pot with Warmer Stove 36CM Stainless Steel 6L,published,no,,our records only,
IMG/BUF/00032,HK-REDLINE,Plate Warmer Cart Double,published,no,,sources disagree,
IMG/BUF/00033,HK-REDLINE,Plate Warmer Cart Drop in,published,yes,,,
IMG/BUF/00031,HK-REDLINE,Plate Warmer Cart Single,published,no,,sources disagree,
IMG/BUF/00274,WINNERS,Vegetable Warmer Rectangle DL206,published,yes,,,
IMG/BUF/00259,WINNERS,Warmer Lamp D7016T,published,yes,,,
IMG/BUF/00272,WINNERS,Warmer Lamp Rectangle ZT001,published,yes,,,
IMG/BUF/00023,HK-REDLINE,Heating Lamp Black Dia 175,published,yes,,,
IMG/BUF/00024,HK-REDLINE,Heating Lamp Gold Dia 175,published,yes,,,
IMG/BUF/00025,HK-REDLINE,Heating Lamp Gold Dia 290,published,yes,,,
IMG/BUF/00026,HK-REDLINE,Heating Lamp Silver Dia 290,published,yes,,,
IMG/BUF/00236,KITCHENWARE,Heating Lamp Infrared 900MM,published,no,bullets outside 4-6; short description outside 18-38 words; under 3 informative spec rows,no supplier data,
IMG/BUF/00244,HK-REDLINE,Heating Lamp Copper,published,no,bullets outside 4-6; short description outside 18-38 words; under 3 informative spec rows,sources disagree; template skeleton,
IMG/BUF/00269,WINNERS,Rose Gold Heat Lamp D002,published,yes,,,
IMG/BUF/00270,WINNERS,Rose Gold Heat Lamp D005,published,yes,,,
IMG/BUF/00271,WINNERS,Rose Gold Heat Lamp D011,published,yes,,,
IMG/HOT/00063,HK-REDLINE,Bain Marie Table Top H-Kitchen BS-6V,published,yes,,,
IMG/HOT/00112,BILGE,Bain Marie Sauce Bin 240X210,archived,no,under 3 informative spec rows,,no price
IMG/HOT/00272,H-KITCHEN,Bain Marie Counter Top Gas SOT-4,archived,no,bullets outside 4-6; short description outside 18-38 words; under 3 informative spec rows,sources disagree,no price
IMG/HOT/00275,HK-REDLINE,Bain Marie Table Top H-Kitchen BS-4,published,no,,sources disagree,
IMG/HOT/00276,HK-REDLINE,Bain Marie H-Kitchen KG-165,published,no,under 3 informative spec rows,,
IMG/BUF/00012,EUROTEC RIGA,Induction Cooker Drop in Riga Rib 3520 EB,published,yes,,,
IMG/BUF/00030,HK-REDLINE,Induction Cooker H Kitchen EB-1200,published,no,bullets outside 4-6; short description outside 18-38 words,sources disagree; template skeleton,
IMG/BUF/00051,OEM SHEFFIELD,Induction Cooker Kassidy,published,no,bullets outside 4-6; short description outside 18-38 words; under 3 informative spec rows,no supplier data,
IMG/BUF/00090,KITCHENWARE,Induction Cooker Wanhui,published,no,bullets outside 4-6; short description outside 18-38 words; under 3 informative spec rows,no supplier data,
IMG/BUF/00127,LINCAT,Induction Hob DK977,published,yes,,,
IMG/BUF/00226,SULTE,Induction Cooker Single Zone 3.5KW Table Top SL-G35-TP3,published,yes,,,
IMG/BUF/00227,SULTE,Induction Cooker Drop in 3KW SL-30C-XP3,published,no,,sources disagree,
IMG/BUF/00228,SULTE,Induction Cooker Single Zone 5KW Table Top SL-G50-KP9,published,yes,,,
IMG/BUF/00229,SULTE,Induction Wok 5KW Table Top Single SL-G50-KA12,published,no,,sources disagree,
IMG/BUF/00230,SULTE,Induction Cooker Two Zone Table Top 7KW,published,no,,sources disagree,
IMG/BUF/00231,SULTE,Induction Cooker Two Zone (Side by Side) 7KW SL-C351-KPP2,published,yes,,,
IMG/BUF/00232,SULTE,Induction Cooker 4 Zone 14KW SL-C351-4S13-Y,published,yes,,,
IMG/BUF/00233,SULTE,Induction Fryer 23L SL-FR1C23A,published,no,,sources disagree,
IMG/BUF/00234,SULTE,Induction Griddle 6KW GRT24B,published,yes,,,
IMG/BUF/00282,SULTE,Induction Griddle 6KW GRT36B,archived,no,,,no price
IMG/BUF/00277,STEELOLOGY,Double Bulb Induction with 2 Copper Coated Hammer Finish Chaffing Dishes,published,yes,,,
IMG/HOT/00395,FIMAR GROUP,Induction Plate PFD/3500N Single PH,published,yes,,,
IMG/TCW/00086,BERJAYA,GN Container 1/3 65 Berjaya,published,yes,,,
IMG/TCW/00087,BERJAYA,GN Container 1/4 65 Berjaya,published,yes,,,
IMG/TCW/00089,BERJAYA,GN Container 1/1 100 Berjaya,published,yes,,,
IMG/TCW/00090,BERJAYA,GN Container 1/2 100 Berjaya,published,yes,,,
IMG/TCW/00091,BERJAYA,GN Container 1/3 100 Berjaya,published,yes,,,
IMG/TCW/00103,BILGE,GN Container Perforated 1/1 65 Bilge,published,yes,,,
IMG/TCW/00104,BILGE,GN Container Perforated 1/1 100 Bilge,published,yes,,,
IMG/TCW/00105,BILGE,GN Container Perforated 1/2 100 Bilge,published,yes,,,
IMG/TCW/00106,BILGE,GN Container 1/1 65 Bilge,published,yes,,,
IMG/TCW/00107,BILGE,GN Container 1/2 65 Bilge,published,yes,,,
IMG/TCW/00108,BILGE,GN Container 1/3 65 Bilge,published,yes,,,
IMG/TCW/00110,BILGE,GN Container 1/6 65 Bilge,published,yes,,,
IMG/TCW/00111,BILGE,GN Container 1/9 65 Bilge,published,yes,,,
IMG/TCW/00112,BILGE,GN Container 1/1 100 Bilge,published,yes,,,
IMG/TCW/00113,BILGE,GN Container 1/2 100 Bilge,published,yes,,,
IMG/TCW/00114,BILGE,GN Container 1/3 100 Bilge,published,yes,,,
IMG/TCW/00115,BILGE,GN Container 1/4 100 Bilge,published,yes,,,
IMG/TCW/00116,BILGE,GN Container 1/6 100 Bilge,published,yes,,,
IMG/TCW/00117,BILGE,GN Container 1/9 100 Bilge,published,yes,,,
IMG/TCW/00118,BILGE,GN Container 1/1 150 Bilge,published,yes,,,
IMG/TCW/00119,BILGE,GN Container 1/2 150 Bilge,published,yes,,,
IMG/TCW/00120,BILGE,GN Container 1/3 150 Bilge,published,yes,,,
IMG/TCW/00121,BILGE,GN Container 1/4 150 Bilge,published,yes,,,
IMG/TCW/00122,BILGE,GN Container 1/6 150 Bilge,published,yes,,,
IMG/TCW/00124,BILGE,GN Container 1/1 200 Bilge,published,yes,,,
IMG/TCW/00526,KITCHENWARE,GN Container 1/1 20 Non Stick,published,yes,,,
IMG/TCW/00527,KITCHENWARE,GN Container 1/1 40 Non Stick,published,yes,,,
IMG/TCW/00097,BERJAYA,GN Lids 1/1 Berjaya,published,yes,,,
IMG/TCW/00098,BERJAYA,GN Lids 1/2 Berjaya,published,yes,,,
IMG/TCW/00099,BERJAYA,GN Lids 1/3 Berjaya,published,yes,,,
IMG/TCW/00100,BERJAYA,GN Lids 1/4 Berjaya,published,yes,,,
IMG/TCW/00102,BERJAYA,GN Lids 1/9 Berjaya,published,yes,,,
IMG/TCW/00125,BILGE,GN Lids Bilge,published,yes,,,
IMG/COF/00116,ANTUNES,"Vertical Bun Toaster VCT-1000 230V 50/60HZ BS-1363, 13 Amp",published,yes,,,
IMG/HOT/00108,WARING,Toaster 4 Slots Waring,published,yes,,,
IMG/HOT/00271,HK-REDLINE,Toaster 6 Slots H-Kitchen,published,yes,,,
IMG/HOT/00281,SHINEHO,Electric Conveyor Toaster H260D,archived,no,not house format; under 2 paragraphs; bullets outside 4-6; meta missing or over 160; under 3 informative spec rows,no supplier data,no image; no price
IMG/HOT/00352,HK-REDLINE,Conveyor Toaster CT-3,published,yes,,,
IMG/HOT/00244,KINGMA,Egg Waffle Maker,archived,no,,,no image
IMG/HOT/00416,HK-REDLINE,Waffle Maker Single WB-1,published,yes,,,
IMG/HOT/00417,HK-REDLINE,Waffle Maker Double WB-2,published,no,,sources disagree,
IMG/PAS/00005,EMPERO,Pretzel & Sandwich Slicer,published,yes,,,
IMG/HOT/00099,ROLLER GRILL,Shawarma Electric Roller Grill,published,yes,,,
IMG/HOT/00154,MERCATUS,Infra Red Grill Mercatus Stan MC167,published,yes,,,
IMG/HOT/00155,MERCATUS,Infra Red Grill Mercatus XXL MC167,published,yes,,,
IMG/HOT/00156,MERCATUS,Infra Red Grill Mercatus XL MC167,published,no,,sources disagree,
IMG/HOT/00353,HK-REDLINE,Panini Grill Single GH-811E,published,yes,,,
IMG/HOT/00354,HK-REDLINE,Panini Grill Double GH-813,published,no,,sources disagree,
IMG/HOT/00382,TECNOROAST,Charcoal Grill Automatic 1750MM 60 Skewers TRS-60,published,yes,,,
IMG/HOT/00384,TECNOROAST,Charcoal Grill Automatic 850MM 20 Skewers TRS-20,published,no,not house format; bullets outside 4-6; meta missing or over 160; under 3 informative spec rows,sources disagree,
IMG/HOT/00385,EMPERO,Steam Cooker Grills Electric Empero,published,yes,,,
IMG/HOT/00400,EMPERO,Lifted Charcoal Grill EMP.BTG.01,published,yes,,,
IMG/HOT/00066,HK-REDLINE,Salamander Electric Lift Up EB-450,published,no,,sources disagree,
IMG/HOT/00071,HK-REDLINE,Salamander Electric Lift Up EB-600,published,no,,sources disagree,
IMG/HOT/00186,BARON,Salamander Electric Baron SE40/0CB,published,yes,,,
IMG/HOT/00402,SULTE,Microwave Oven 25LTR EM025FJTS0SF00,published,no,,sources disagree,
IMG/HOT/00403,SULTE,Microwave Oven 34LTR EMA34GTQS00E00,published,no,,sources disagree,
IMG/HOT/00304,ASTAR,Pasta Cooker Gas GH-538,published,no,under 3 informative spec rows,,
IMG/HOT/00069,HK-REDLINE,Hot Dog Roller Electric,published,yes,,,
IMG/HOT/00042,OEM SHEFFIELD,Fryer Double 25 Litres Table Top Electric Elaboratex HEF-904,published,no,,sources disagree,
IMG/HOT/00098,ROLLER GRILL,Fryer Roller Grill RFG 12,published,no,,sources disagree,
IMG/HOT/00189,BARON,Single Well Electric Fryer 15 Ltr Drop-In Baron DI7FRE415,published,yes,,,
IMG/HOT/00419,HK-REDLINE,Electric Fryer Single EF-11L,published,yes,,,
IMG/HOT/00420,HK-REDLINE,Electric Fryer Double EF-11L-2,published,yes,,,
IMG/HOT/00407,HDS,Fryer Baskets for HDSFGH-150S,published,yes,,,
IMG/HOT/00424,HDS,Fryer Baskets for HDSFGH-90S,published,yes,,,
IMG/HOT/00425,HDS,Fryer Baskets for HDSFGH-120S LP,published,yes,,,
IMG/HOT/00427,OEM SHEFFIELD,HEF-904 Fryer Basket,draft,no,bullets outside 4-6; short description outside 18-38 words; under 3 informative spec rows,,no image
IMG/HOT/00085,LINCAR MEMME,Fryer Single 13 Litres Gas Lincar,published,yes,,,
IMG/HOT/00219,HK-REDLINE,Fryer Single 28 Litres Electric Redline,published,no,under 3 informative spec rows,,
IMG/HOT/00257,SHEFFIELD REDLINE,Fryer Single 23 Litres Gas GF90 Redline,published,no,,our records only,
IMG/HOT/00278,HK-REDLINE,Pressure Fryer Counter Top MDXZ-16 Redline,published,yes,,,
IMG/HOT/00282,HK-REDLINE,Pressure Fryer Electric MDXZ-24 Redline,published,yes,,,
IMG/HOT/00332,HDS,Pressure Fryer Electric Broaster 1600,published,yes,,,
IMG/HOT/00333,HDS,Pressure Fryer Gas Broaster 1800,published,no,,sources disagree; named in open issues,
IMG/HOT/00390,HDS,Pressure Fryer Electric Broaster 1800,published,yes,,,
IMG/HOT/00344,HDS,Fryer Single Gas HDS,published,yes,,,
IMG/HOT/00347,HDS,Fryer Split Type 15 + 15 Ltrs HDS-150S,published,yes,,,
IMG/HOT/00436,HDS,Fryer Split Type 10 + 10 Litres HDS Electric,archived,no,not house format; under 2 paragraphs; bullets outside 4-6; meta missing or over 160; short description outside 18-38 words; under 3 informative spec rows,sources disagree,no price
IMG/HOT/00434,HK-REDLINE,Fryer Split Type 10 + 10 Litres H Kitchen Electric,archived,no,,,no price
IMG/HOT/00386,HK-REDLINE,Fryer Double 21 + 21 Litres Electric,published,yes,,,
IMG/HOT/00388,HK-REDLINE,Fryer Split Type 15 + 15 Ltrs H-Kitchen,published,no,,sources disagree,
IMG/HOT/00389,HK-REDLINE,Fryer Split Type 11 + 11 Ltrs H-Kitchen,published,yes,,,
IMG/HOT/00406,HDS,Free Standing 21 Ltrs Single Well Fryer HDSFGH-90,published,yes,,,
IMG/HOT/00421,HK-REDLINE,Elec Fryer EF-28L,published,no,under 3 informative spec rows,sources disagree,
IMG/COF/00023,PRADEEP,Milk Boiler with Indirect Water Heating Jacket,published,yes,,,
IMG/COF/00026,SHEFFIELD,Water Boiler Insulated 10 Litres,archived,no,not house format; under 2 paragraphs; bullets outside 4-6; meta missing or over 160; short description outside 18-38 words; under 3 informative spec rows,no supplier data,no image
IMG/COF/00108,HK-REDLINE,Water Boiler EF-20 (Hydroboil),published,no,bullets outside 4-6; short description outside 18-38 words; under 3 informative spec rows,no supplier data,
IMG/COF/00027,OEM SHEFFIELD,Water Boiler Insulated 20 Litres SS,published,no,short description outside 18-38 words; under 3 informative spec rows,,
IMG/COF/00112,PRADEEP,Electric Catering Urn (Water Boiler),published,yes,,,
IMG/COF/00111,PRADEEP,Coffee Filter with Heater Plate 5 Ltr,draft,yes,,,
IMG/COF/00032,PRADEEP,Heated Insulated Water Urn 36 Litres,published,yes,,,
IMG/COF/00029,PRADEEP,Non Heated Insulated Catering Urn/Thermos,published,yes,,,
IMG/COF/00098,JANGMEN,Heated Insulated Water Urn 40 Litres,archived,no,not house format; under 2 paragraphs; bullets outside 4-6; meta missing or over 160; short description outside 18-38 words; under 3 informative spec rows,no supplier data,no price
IMG/COF/00020,HK-REDLINE,Heated Water Urn Non-Exposed Element 15 Litres,published,yes,,,
IMG/COF/00021,HK-REDLINE,Heated Water Urn with Exposed Element 20 Litres,published,yes,,,
IMG/COF/00022,HK-REDLINE,Heated Water Urn with Exposed Element 30 Litres,published,yes,,,
IMG/COF/00001,BERJAYA,Heated Water Urn with Concealed Element Berjaya,published,yes,,,
IMG/COF/00137,BRAVILOR,Coffee Brewer with Single Decanter Bravilor B10,archived,no,,,no price
IMG/COF/00004,CREM,Coffee Brewer Single Cater,published,yes,,,
IMG/COF/00006,CREM,Coffee Brewer with 2 Decanter,published,yes,,,
IMG/COF/00007,CREM,Cup Dispenser,archived,no,not house format; under 2 paragraphs; bullets outside 4-6; meta missing or over 160; short description outside 18-38 words; under 3 informative spec rows,no supplier data,no price
IMG/COF/00012,CREM,Thermos Percolator SS,published,no,,sources disagree,
IMG/COF/00013,CREM,Warming Plate Double,published,yes,,,
IMG/COF/00138,KEF,Coffee Brewer with Double Cater (Thermos),draft,no,not house format; under 2 paragraphs; bullets outside 4-6; meta missing or over 160; short description outside 18-38 words; under 3 informative spec rows,sources disagree,no image
IMG/BUF/00009,EMPERO,Banquet Trolley Hot Single EMP.BQ1,published,yes,,,
IMG/BUF/00155,EMPERO,Hot and Cold Meal Distribution Trolley 24 Tray,published,yes,,,
IMG/BUF/00099,EMPERO,Avatherm Thermotray with Locks,published,yes,,,
IMG/BUF/00150,SDX,SDX Thermobox K120RD/F120RD,archived,no,not house format; under 2 paragraphs; bullets outside 4-6; meta missing or over 160; short description outside 18-38 words; under 3 informative spec rows,no supplier data,no price
IMG/BUF/00183,HK-REDLINE,Thermo Box 3 GN H-Kitchen,published,no,bullets outside 4-6; short description outside 18-38 words; under 3 informative spec rows,,
IMG/BUF/00186,HK-REDLINE,Thermo Box 6 GN Heated,published,no,short description outside 18-38 words; under 3 informative spec rows,,
IMG/HYS/00179,BERJAYA,Insect Killer Berjaya IK30,published,yes,,,
IMG/HYS/00001,BILGE,Hand Wash Basin Knee Operated Bilge,published,yes,,,
IMG/HYS/00003,EMPERO,Knife Sterilizer EMP.BST.001,published,yes,,,
IMG/HYS/00190,FOSHAN,Fogging Machine 5 Litre Electric,published,yes,,,
IMG/HYS/00196,H-KITCHEN,Towel Cabinet Hot & Cold KD 20SL-FL,published,yes,,,
IMG/HYS/00032,MAYSIN,Insect Killer PJ-FK40,published,no,not house format; under 2 paragraphs; bullets outside 4-6; meta missing or over 160; short description outside 18-38 words; under 3 informative spec rows,no supplier data,
IMG/HYS/00014,SHEFFIELD,Wall Mounted Retractable Hose Reel,published,no,not house format; under 2 paragraphs; bullets outside 4-6; meta missing or over 160; short description outside 18-38 words; under 3 informative spec rows,no supplier data,
IMG/HYS/00220,SHEFFIELD,Hand Wash Basin Knee Operated YLS42,published,no,,no supplier data,
IMG/HYS/00221,SHEFFIELD,Hand Wash Basin 400X400 YLS44B,published,no,,no supplier data,
IMG/HYS/00273,SHEFFIELD,Insect Killer 2X15 Watts,archived,no,not house format; under 2 paragraphs; bullets outside 4-6; meta missing or over 160; short description outside 18-38 words; under 3 informative spec rows,no supplier data,no price
IMG/HYS/00266,STEELOLOGY,Stainless Steel Container 100X100MM,archived,no,not house format; under 2 paragraphs; bullets outside 4-6; meta missing or over 160; under 3 informative spec rows,no supplier data,no image; no price
IMG/HYS/00267,STEELOLOGY,Stainless Steel Container 125X135MM,archived,no,not house format; under 2 paragraphs; bullets outside 4-6; meta missing or over 160; under 3 informative spec rows,no supplier data,no image; no price
IMG/HYS/00268,STEELOLOGY,Stainless Steel Container 150X165MM,archived,no,not house format; under 2 paragraphs; bullets outside 4-6; meta missing or over 160; under 3 informative spec rows,no supplier data,no image; no price
IMG/HYS/00269,STEELOLOGY,Stainless Steel Container 190X200MM,archived,no,not house format; under 2 paragraphs; bullets outside 4-6; meta missing or over 160; short description outside 18-38 words; under 3 informative spec rows,no supplier data,no image; no price
IMG/HYS/00281,STEELOLOGY,Insect Killer 30W Spider Type,draft,no,not house format; under 2 paragraphs; bullets outside 4-6; meta missing or over 160; short description outside 18-38 words; under 3 informative spec rows,sources disagree,no image
IMG/HYS/00282,STEELOLOGY,Insect Killer 45W Spider Type,draft,no,not house format; under 2 paragraphs; bullets outside 4-6; meta missing or over 160; short description outside 18-38 words; under 3 informative spec rows,sources disagree,no image
IMG/HYS/00274,SUNNYLUX,Food Sink Shredder Disposer ED1100,published,no,,our records only,
IMG/HYS/00284,GRACHOO,Hand Wash Basin Wall Mounted HSWM-006,draft,no,not house format; under 2 paragraphs; bullets outside 4-6; meta missing or over 160; short description outside 18-38 words; under 3 informative spec rows,no supplier data,no image; no price
IMG/HYS/00283,GRACHOO,Hand Wash Basin Knee Operated HSWM-001,draft,no,not house format; under 2 paragraphs; bullets outside 4-6; meta missing or over 160; short description outside 18-38 words; under 3 informative spec rows,no supplier data,no price
IMG/COF/00070,SHEFFIELD,Water Softeners HLT.12,archived,no,not house format; under 2 paragraphs; bullets outside 4-6; meta missing or over 160; short description outside 18-38 words; under 3 informative spec rows,no supplier data,no image
IMG/COF/00125,ANTUNES,Aq-Hc-Ro,draft,no,,,no image
IMG/COF/00130,ANTUNES,AQ-RO-600 Watermark,published,yes,,,
IMG/COF/00127,ANTUNES,GST-1V,draft,yes,,,
IMG/COF/00132,ANTUNES,Hrs Hardness Reduction System,published,yes,,,
IMG/COF/00131,ANTUNES,Ultrafiltration System VZN-511V,published,yes,,,
IMG/HYS/00033,RATIONAL,Rational Care Rinse Detergent,published,yes,,,
IMG/HYS/00034,RATIONAL,Rational Care Tablets 56.00.562,published,yes,,,
IMG/HYS/00035,RATIONAL,Rational Care Tabs Loose,published,yes,,,
IMG/HYS/00038,RATIONAL,Rational Cleaner Tabs Loose,published,yes,,,
IMG/HYS/00039,RATIONAL,Rational Descaler,archived,no,,,no price
IMG/HYS/00040,RATIONAL,Rational Rinse Aid Tablets,published,yes,,,
IMG/HYS/00085,RATIONAL,Rational Active Green Cleaner Tabs,published,yes,,,
IMG/HYS/00096,RATIONAL,Rational Active Green Cleaner Tabs Loose,archived,yes,,,
IMG/HYS/00207,RATIONAL,Rational Cleaner Tablets 56.00.22,published,no,not house format; under 2 paragraphs; bullets outside 4-6; meta missing or over 160; short description outside 18-38 words; under 3 informative spec rows,"data on file, not yet listed",
IMG/HYS/00264,RATIONAL,Rational Active Green Cartridge,draft,yes,,,
IMG/HYS/00265,RATIONAL,Rational Care Cartridge,draft,no,,sources disagree; named in open issues,no image
IMG/OVE/00022,RATIONAL,Chicken Super Spike,published,yes,,,
IMG/OVE/00023,RATIONAL,Chicken Super Spike 4 Bird ½ GN,archived,no,,,no price
IMG/OVE/00024,RATIONAL,Combi Fry,published,yes,,,
IMG/OVE/00026,RATIONAL,Combi Grill 1/1,published,yes,,,
IMG/OVE/00027,RATIONAL,Connection Kit,published,no,not house format; under 2 paragraphs; bullets outside 4-6; meta missing or over 160; short description outside 18-38 words; under 3 informative spec rows,sources disagree,
IMG/OVE/00028,RATIONAL,Cross N Stripe Grill,published,yes,,,
IMG/OVE/00031,RATIONAL,Granite-Enameled Container,published,yes,,,
IMG/OVE/00033,RATIONAL,GRANITE-ENAMELED 2/1GN 60mm,archived,no,,,no price
IMG/OVE/00036,RATIONAL,Grill and Tandoori Skewer Frame 1/1GN,published,yes,,,
IMG/OVE/00038,RATIONAL,Grilling and Pizza Tray,published,yes,,,
IMG/OVE/00040,RATIONAL,Grilling and Roasting Platter 1/1 GN,published,yes,,,
IMG/OVE/00041,RATIONAL,High Grade Grid 2/3 GN,published,yes,,,
IMG/OVE/00042,RATIONAL,Transport Trolley for Mobile Oven Rack,draft,yes,,,
IMG/OVE/00043,RATIONAL,Mobile Plate Rack,draft,yes,,,
IMG/OVE/00047,RATIONAL,Multibaker,published,yes,,,
IMG/OVE/00051,RATIONAL,Perforated Baking Tray,published,yes,,,
IMG/OVE/00054,RATIONAL,Potato Baker 1/1GN,published,yes,,,
IMG/OVE/00055,RATIONAL,Rib Grid 1/1GN,published,yes,,,
IMG/OVE/00058,RATIONAL,Roasting and Baking Tray,published,yes,,,
IMG/OVE/00064,RATIONAL,Rational SS Grid 1/1GN,published,yes,,,
IMG/OVE/00108,RATIONAL,PERFORATED CONTAINER 1/1 GN 55mm,published,yes,,,
IMG/HYS/00237,RIMPAR,Detergent Spot Remover,archived,no,bullets outside 4-6; under 3 informative spec rows,our records only,no image; no price
IMG/HYS/00238,RIMPAR,Detergent Parfum,archived,no,bullets outside 4-6; under 3 informative spec rows,our records only,no image; no price
IMG/HYS/00239,RIMPAR,Carpet Shampoo 20 Lts,archived,no,bullets outside 4-6; short description outside 18-38 words; under 3 informative spec rows,our records only,no image; no price
IMG/HYS/00271,RIMPAR,Steam Cleaner,archived,no,bullets outside 4-6; under 3 informative spec rows,our records only,no image; no price
IMG/HYS/00098,TASKI,Taski Aero 8 UK,published,yes,,,
IMG/HYS/00100,TASKI,Taski Aero 8/15 Disp. Fleece Bags 10PC,published,yes,,,
IMG/HYS/00101,TASKI,Taski Aero 8/15 Filter Paper Bags 10PC,published,yes,,,
IMG/HYS/00103,TASKI,Taski Aero 15 Plus UK,published,yes,,,
IMG/HYS/00106,TASKI,Taski Go UK,archived,no,,,no price
IMG/HYS/00107,TASKI,Taski Go Filter Paper Bags 10PC,archived,no,bullets outside 4-6; short description outside 18-38 words,,no price
IMG/HYS/00108,TASKI,Taski Go Basic Accessory Set 32MM,archived,no,bullets outside 4-6; short description outside 18-38 words,,no price
IMG/HYS/00109,TASKI,Taski Aero BP E UK,archived,no,,,no price
IMG/HYS/00110,TASKI,Taski Aero BP B Li-Ion,published,yes,,,
IMG/HYS/00111,TASKI,Taski Aero Telescopic Tube 32MM,archived,no,short description outside 18-38 words,,no price
IMG/HYS/00112,TASKI,Taski Aero BP Suction Hose 1.5M,archived,no,bullets outside 4-6; short description outside 18-38 words,,no image; no price
IMG/HYS/00113,TASKI,Taski Aero BP Disp. Fleece Bags 10PC,archived,no,bullets outside 4-6; short description outside 18-38 words,,no price
IMG/HYS/00114,TASKI,Taski Aero BP Motor Foam Filter,archived,no,bullets outside 4-6; short description outside 18-38 words,,no image; no price
IMG/HYS/00118,TASKI,Taski Vacumat 22 UK,published,yes,,,
IMG/HYS/00119,TASKI,Set Wet Vacuum Cleaning Premium,published,yes,,,
IMG/HYS/00120,TASKI,Pa of 10 Double Filter Bags,published,yes,,,
IMG/HYS/00121,TASKI,30014-61 Filter (10 Parts),published,yes,,,
IMG/HYS/00124,TASKI,Fixomat for Vacumat 44T,published,yes,,,
IMG/HYS/00127,TASKI,Taski Vacuum Cleaner Vacumat 44T UK,published,yes,,,
IMG/HYS/00133,TASKI,Driving Disc Ergodisc D43,published,yes,,,
IMG/HYS/00134,TASKI,Scrubbing Brush Uni 43,published,yes,,,
IMG/HYS/00135,TASKI,Taski Water Tank for Ergodisc Single Disc Machines,published,yes,,,
IMG/HYS/00136,TASKI,Taski Floor Scrubber Ergodisc 165 UK,published,yes,,,
IMG/HYS/00140,TASKI,Taski Foam Generator FG2,published,yes,,,
IMG/HYS/00141,TASKI,Shampooing Brush Dry D43,published,yes,,,
IMG/HYS/00142,TASKI,Shampooing Brush Wet D43,published,yes,,,
IMG/HYS/00143,TASKI,Hand Shampooing Set,published,yes,,,
IMG/HYS/00148,TASKI,Taski Ergodisc Duo,published,yes,,,
IMG/HYS/00152,TASKI,High-Speed Driving Disc 43/01,published,yes,,,
IMG/HYS/00160,TASKI,Pad Driver 43CM,published,yes,,,
IMG/HYS/00170,TASKI,Taski Sprayer BP 15 Li-Ion,archived,no,,,no price
IMG/HYS/00172,TASKI,Accessories Set Aquamat 20/PROCARPET,published,yes,,,
IMG/HYS/00218,TASKI,Kit Dry Vacuum Cleaning Vacuum 22,published,yes,,,
IMG/HYS/00226,TASKI,Scrubbing Brush Abrasive 43,archived,no,,,no price
IMG/HYS/00228,TASKI,Taski Aquamat 20.01 UK,published,yes,,,
IMG/HYS/00229,TASKI,Filter Cloth with Ring for Vacumat 44T,archived,no,not house format; under 2 paragraphs; bullets outside 4-6; meta missing or over 160; short description outside 18-38 words; under 3 informative spec rows,"data on file, not yet listed",no price
IMG/HYS/00230,TASKI,Accessories Set for Aquamat 10.1,draft,no,not house format; under 2 paragraphs; bullets outside 4-6; meta missing or over 160; short description outside 18-38 words; under 3 informative spec rows,no supplier data,
IMG/HYS/00240,TASKI,Set of Dry Vacuums Taski Vacumat 12,archived,no,bullets outside 4-6; short description outside 18-38 words,,no price
IMG/HYS/00248,TASKI,Taski Swingo 250 Micro,published,yes,,,
IMG/HYS/00249,TASKI,Pad Driver 28CM,published,yes,,,
IMG/HYS/00250,TASKI,Scrubbing Brush 28,archived,no,bullets outside 4-6; short description outside 18-38 words,,no price
IMG/HYS/00251,TASKI,"BATTERY TRACTION 6V, 180Ah/5",published,yes,,,
IMG/HYS/00252,TASKI,Taski Balimat 45 Sweeper,archived,no,,,no price
IMG/HYS/00253,TASKI,Taski Balimat 3300 RTU Sweeper,published,yes,,,
IMG/HYS/00254,TASKI,BATTERY TRACTION BLOCK 12V 76Ah/5,published,yes,,,
IMG/HYS/00255,TASKI,Center Broom B3300,published,yes,,,
IMG/HYS/00256,TASKI,Side Broom B3300,published,yes,,,
IMG/HYS/00257,TASKI,Brush 225MM 2PC,published,yes,,,
IMG/HYS/00258,TASKI,Disc Drive 225MM 2PC,published,yes,,,
IMG/HYS/00259,TASKI,NX LI-ON BATTERY 37V 8100M 8.1 Ah,published,yes,,,
IMG/HYS/00260,TASKI,NX Charger 100-240V/50/60HZ,published,yes,,,
IMG/HYS/00261,TASKI,Taski Swingo 2100 Micro BMS UK,archived,no,,,no price
IMG/STO/00001,CAMBRO,PVC Shelves 910 Cambro,published,no,not house format; under 2 paragraphs; bullets outside 4-6; meta missing or over 160; short description outside 18-38 words; under 3 informative spec rows,,
IMG/STO/00005,OEM SHEFFIELD,Chrome Wire Shelving 1220,published,no,bullets outside 4-6; bullet over 14 words; short description outside 18-38 words; under 3 informative spec rows,,
IMG/STO/00007,OEM SHEFFIELD,PVC Shelves Vented 1060 Perfect,published,no,bullets outside 4-6; short description outside 18-38 words; under 3 informative spec rows,,
IMG/STO/00008,OEM SHEFFIELD,PVC Shelves Vented 1220 Perfect,published,no,bullets outside 4-6; short description outside 18-38 words; under 3 informative spec rows,,
IMG/STO/00009,OEM SHEFFIELD,PVC Shelves Vented 910 Perfect,published,no,bullets outside 4-6; short description outside 18-38 words; under 3 informative spec rows,,
IMG/STO/00011,HK-REDLINE,Dining Carts SS 2 Tier,published,no,under 3 informative spec rows,,
IMG/STO/00012,HK-REDLINE,Dining Carts SS 3 Tier,published,no,under 3 informative spec rows,,
IMG/STO/00013,HK-REDLINE,Trolley for Dish Washer Rack H Kitchen,draft,no,under 3 informative spec rows,,no image
IMG/TCW/00355,KITCHENWARE,Stock Pot 17 Litres EI2828,published,no,bullets outside 4-6; short description outside 18-38 words; under 3 informative spec rows,,
IMG/TCW/00363,WANHUI,Stock Pot 12 Litres EI2525,published,no,not house format; under 2 paragraphs; bullets outside 4-6; meta missing or over 160; short description outside 18-38 words; under 3 informative spec rows,no supplier data,
IMG/TCW/00368,KITCHENWARE,Stock Pot 36 Litres EI3636,published,no,bullets outside 4-6; short description outside 18-38 words; under 3 informative spec rows,,
IMG/TCW/00386,KITCHENWARE,Stock Pot 12 Litres CSP 2525,published,no,bullets outside 4-6; short description outside 18-38 words; under 3 informative spec rows,,
IMG/TCW/00388,KITCHENWARE,Stock Pot 71 Litres CSP 4545,published,no,bullets outside 4-6; short description outside 18-38 words; under 3 informative spec rows,,
IMG/TCW/00389,KITCHENWARE,Stock Pot 50 Litres CSP 4040,published,no,bullets outside 4-6; short description outside 18-38 words; under 3 informative spec rows,,
IMG/TCW/00354,KITCHENWARE,High Sauce Pan 10 Litres E22816,published,no,bullets outside 4-6; short description outside 18-38 words; under 3 informative spec rows,,
IMG/TCW/00357,KITCHENWARE,High Sauce Pan 6.5 Litres E22414,published,no,bullets outside 4-6; short description outside 18-38 words; under 3 informative spec rows,,
IMG/TCW/00382,KITCHENWARE,High Sauce Pan 4 Litres,published,no,bullets outside 4-6; short description outside 18-38 words; under 3 informative spec rows,,
IMG/TCW/00519,KITCHENWARE,High Sauce Pan 8.5 Litres SS 25X18,published,no,bullets outside 4-6; short description outside 18-38 words; under 3 informative spec rows,,
IMG/TCW/00520,KITCHENWARE,High Sauce Pan 18 Litres SS 32X22,published,no,bullets outside 4-6; short description outside 18-38 words; under 3 informative spec rows,,
IMG/TCW/00006,ANDYMAN,Casserole High Andyman 58122,archived,no,not house format; under 2 paragraphs; bullets outside 4-6; meta missing or over 160; short description outside 18-38 words; under 3 informative spec rows,no supplier data,no image
IMG/TCW/00366,WANHUI,Casserole 24 Litres E13624,published,no,not house format; under 2 paragraphs; bullets outside 4-6; meta missing or over 160; short description outside 18-38 words; under 3 informative spec rows,no supplier data,
IMG/HOT/00167,STEELOLOGY,Pressure Cooker 16 Litres SSPC-16,published,yes,,,
IMG/HOT/00168,HK-REDLINE,Pressure Cooker 25 Litres H Kitchen SSPC-25,published,no,under 3 informative spec rows,,
IMG/HOT/00169,GENEVA,Pressure Cooker 40 Litres,published,no,not house format; under 2 paragraphs; bullets outside 4-6; meta missing or over 160; short description outside 18-38 words; under 3 informative spec rows,sources disagree,
IMG/HOT/00170,GENEVA,Pressure Cooker 60 Litres,published,no,not house format; under 2 paragraphs; bullets outside 4-6; meta missing or over 160; short description outside 18-38 words; under 3 informative spec rows,sources disagree,
IMG/COF/00041,RANCILIO,Cappuccino Machine Silvia,published,yes,,,
IMG/COF/00079,RANCILIO,Cappuccino Machine Silvia Pro,published,yes,,,
IMG/COF/00035,RANCILIO,Espresso Machine Class 5S GR1,published,yes,,,
IMG/COF/00036,RANCILIO,Espresso Machine Class 5ST GR1,published,yes,,,
IMG/COF/00037,RANCILIO,Espresso Machine Class 5S GR2 Black,published,yes,,,
IMG/COF/00038,RANCILIO,Espresso Machine Class 5S GR2 White,published,yes,,,
IMG/COF/00039,RANCILIO,Espresso Machine Class 7S GR3,published,yes,,,
IMG/COF/00048,RANCILIO,Water Softeners DP2,published,yes,,,
IMS/MEC/00303,RANCILIO,Coffee Tamper Stainless Steel,published,yes,,,
IMS/MEC/00469,RANCILIO,Coffee Tamper PVC,published,yes,,,
IMG/COF/00135,RANCILIO,Automatic Coffee Grinder Kryo 65 OD,published,yes,,,
IMG/COF/00043,RANCILIO,Coffee Grinder Kryo 65 St,published,yes,,,
IMG/COF/00044,RANCILIO,Coffee Grinder Rocky,published,yes,,,
IMG/COF/00128,RANCILIO,Rancilio Rocky Doser Nero Black,draft,yes,,,
IMG/COF/00099,DR. COFFEE,Automatic Coffee Machine F11 Big,published,yes,,,
IMG/COF/00096,DR. COFFEE,Automatic Coffee Machine Minibar,published,yes,,,
IMG/COF/00054,SIMONELLI,Espresso Machine Microbar II Simonelli,published,yes,,,
IMG/COF/00073,KALERM,Automatic Coffee Machine Fab 100,published,yes,,,
IMG/COF/00074,KALERM,Automatic Coffee Machine Fas 100,published,yes,,,
IMG/COF/00072,KALERM,Automatic Coffee Machine FAB50,published,yes,,,
IMG/COF/00071,KALERM,Automatic Coffee Machine Fao 30,published,yes,,,
IMG/COF/00097,DR. COFFEE,Milk Fridge SC15,published,no,,sources disagree,
IMG/COF/00047,RANCILIO,Milk Fridge Egro Zero MAEA03,draft,yes,,,
IMG/COF/00033,PRADEEP,Coffee Brewer with Coffee Filter,published,yes,,,
IMG/COF/00008,CREM,Decanter 1.8 Litres CREM,published,yes,,,
IMG/COF/00105,KEF,Coffee Brewer Single Cater FLC 250,published,yes,,,
IMG/COF/00103,KEF,Coffee Brewer with 1 Decanter FLT120 Black,published,no,,sources disagree,
IMG/COF/00104,KEF,Coffee Brewer with 2 Decanter FLT120-2 Inox,published,no,,sources disagree,
IMG/COF/00101,KEF,Decanter 1.8 Litres KEF,published,yes,,,
IMG/COF/00139,GOODWILL,Commercial Coffee Brewer GW-386-BD2 (RB-386) Goodwill,published,yes,,,
IMG/COF/00140,GOODWILL,Commercial Coffee Brewer GW-386-B (RV-386) Goodwill,published,yes,,,
IMG/COF/00141,GOODWILL,Commercial Coffee Brewer GW-FRP286-BV (FRP-286BV) Goodwill,published,no,,sources disagree,
IMS/FIT/00992,KEF,Coffee Filter Papers 90/250,published,yes,,,
IMG/COF/00011,CREM,Air Pot with Sight Gauge,published,no,,sources disagree,
IMG/COF/00009,CREM,Serving Station 2.5 Litres,published,yes,,,
IMG/COF/00010,CREM,Serving Station 5 Litres,published,no,,sources disagree,
IMG/COF/00133,ANTUNES,Cup Dispenser DAC-05,draft,no,,,no image
IMG/REF/00081,BREMA,Ice Cube Machine CB-249A Brema,published,yes,,,
IMG/REF/00082,BREMA,Ice Cube Machine CB-416A Brema,published,yes,,,
IMG/REF/00154,BREMA,Ice Cube Machine CB-640A Brema,published,yes,,,
IMG/REF/00181,BREMA,Ice Cube Machine CB 955A HC Brema,published,yes,,,
IMG/REF/00076,BREMA,Ice Cube Machine CB-1565A Brema,draft,yes,,,
IMG/REF/00022,OEM SHEFFIELD,Ice Cube Machine ZBJ-40P Iberna,published,no,,sources disagree,
IMG/REF/00021,OEM SHEFFIELD,Ice Cube Machine ZBJ-60P Iberna,published,yes,,,
IMG/REF/00209,OEM SHEFFIELD,Ice Cube Machine ZBJ-80P Iberna,published,yes,,,
IMG/REF/00020,OEM SHEFFIELD,Ice Cube Machine ZBJ-100L Iberna,published,yes,,,
IMG/REF/00019,OEM SHEFFIELD,Ice Cube Machine ZBJ-150P Iberna,published,no,,sources disagree,
IMG/REF/00210,OEM SHEFFIELD,Ice Cube Machine ZBJ-250P Iberna,published,yes,,,
IMG/ICE/00017,PASMO,Ice Cream Machine Table Top S110F,published,yes,,,
IMG/ICE/00018,PASMO,Ice Cream Machine Free Standing S520F,published,yes,,,
IMG/ICE/00029,PASMO,Ice Cream Machine Table Top S230F,published,yes,,,
IMG/ICE/00026,CARPIGIANI,Turbomix Vertical Blender,published,yes,,,
IMG/ICE/00027,CARPIGIANI,Ice Cream Machine Maestro 2 HCD,published,yes,,,
IMG/ICE/00028,CARPIGIANI,Pastomaster 60 RTX Batch Pasteuriser,published,yes,,,
IMG/DWW/00085,COMENDA,Dish Washer Hood PC-09,published,yes,,,
IMG/DWW/00093,COMENDA,Dish Washer Hood Type PC 07,published,yes,,,
IMG/DWW/00158,COMENDA,Dish Washer Hood Type EC44,published,yes,,,
IMG/DWW/00159,COMENDA,Dish Washer Undercounter EF36M,published,yes,,,
IMG/DWW/00160,COMENDA,Glass Washer Undercounter EB28,published,yes,,,
IMG/DWW/00151,Hatton,Under Counter Dishwasher Hattons,published,yes,,,
IMG/DWW/00032,COMENDA,Cutlery Rack 8 Compartment,archived,yes,,,
IMG/DWW/00033,COMENDA,Dish Wash Rack 400MM,published,yes,,,
IMG/DWW/00040,OEM SHEFFIELD,Glass Rack Extender 16 Compartment,published,yes,,,
IMG/DWW/00043,OEM SHEFFIELD,Glass Rack Extender 25 Compartment,published,no,bullets outside 4-6; short description outside 18-38 words; under 3 informative spec rows,sources disagree,
IMG/DWW/00071,KAYALAR,Glass Rack 16 Compartments with 1 Extender,archived,no,,,no image
IMG/DWW/00072,KAYALAR,Glass Rack 36 Compartments with 2 Extender,archived,no,,,no image
IMG/DWW/00073,KAYALAR,Glass Rack 16 Compartments with 2 Extender,archived,no,,,no image
IMG/DWW/00074,KAYALAR,Glass Rack 49 Compartments with 1 Extender,archived,no,,,no image
IMG/DWW/00075,KAYALAR,Glass Rack 49 Compartments with 2 Extender,archived,no,,,no image
IMG/DWW/00097,OEM SHEFFIELD,Plate Rack 64 Compartment JW-64B,archived,no,,sources disagree; named in open issues,
IMG/DWW/00098,OEM SHEFFIELD,Glass Rack 36 Compartment JW-36,archived,yes,,,
IMG/DWW/00101,OEM SHEFFIELD,Glass Rack 16 Compartment JW-16,published,yes,,,
IMG/DWW/00103,OEM SHEFFIELD,Plate Rack 25 Compartment JW-25B,published,yes,,,
IMG/DWW/00104,OEM SHEFFIELD,Glass Rack 25 Compartment JW-25,published,yes,,,
IMG/DWW/00105,OEM SHEFFIELD,Mobile Plate Rack - Capacity 48 Plates,archived,no,,,no price
IMG/DWW/00107,CAMBRO,Plate Racks 64 Comp Camrack Grey,archived,no,not house format; under 2 paragraphs; bullets outside 4-6; meta missing or over 160; short description outside 18-38 words; under 3 informative spec rows,sources disagree,no price
IMG/DWW/00110,OEM SHEFFIELD,Open Rack Jw-Ss,published,no,,sources disagree; named in open issues,
IMG/DWW/00142,OEM SHEFFIELD,Open Plate & Tray Rack Blue 25 Compartment,archived,no,,,no price
IMG/DWW/00143,OEM SHEFFIELD,Open Rack JW-S,archived,no,bullets outside 4-6; short description outside 18-38 words,sources disagree; named in open issues,
IMG/DWW/00144,OEM SHEFFIELD,Cutlery Rack JW-C,archived,no,,sources disagree; named in open issues,
IMG/DWW/00150,GUANGDONG PERFECT,Glass Rack 49 Compartment JW-49,archived,no,not house format; under 2 paragraphs; bullets outside 4-6; meta missing or over 160; short description outside 18-38 words; under 3 informative spec rows,no supplier data,no price
IMG/DWW/00156,COMENDA,CB Combination Rack,archived,no,,,no price
IMG/DWW/00157,COMENDA,Plate Rack,archived,no,,,no price
IMG/DWW/00149,Hatton,Hood Type Dishwasher,published,yes,,,
IMG/HOT/00255,SHEFFIELD REDLINE,6 Burner Gas Range with Gas Oven RGR36 Redline,published,no,not house format; under 2 paragraphs; bullets outside 4-6; meta missing or over 160; short description outside 18-38 words; under 3 informative spec rows,our records only,
IMG/HOT/00437,HDS,6 Burner Gas Range with Gas Oven HDSGR-36,archived,no,,,no price
IMG/HOT/00048,FAGOR,4 Burner Table Top Fagor CG7-40,published,no,,sources disagree,
IMG/HOT/00049,FAGOR,4 Burner Table Top Fagor CG6-40,published,yes,,,
IMG/HOT/00067,HK-REDLINE,4 Burner Table Top H Kitchen,published,no,under 3 informative spec rows,no supplier data,
IMG/HOT/00120,KUSINA,4 Burner Gas Range + Electric Oven Kusina,published,yes,,,
IMG/HOT/00256,SHEFFIELD REDLINE,4 Burner Gas Range with Gas Oven RGR24 Redline,published,no,not house format; under 2 paragraphs; bullets outside 4-6; meta missing or over 160; short description outside 18-38 words; under 3 informative spec rows,our records only,
IMG/HOT/00267,H-KITCHEN,4 Burner Gas Range Table Top EHP-4S,archived,yes,,,
IMG/HOT/00438,HDS,Gas Burners with Oven and 24 Inch Griddle/Salamander,archived,no,,,no price
